<?xml version="1.0" encoding="UTF-8"?>
<Configuration status="info">
  <Appenders>
    <Console name="Console" target="SYSTEM_OUT">
      <PatternLayout pattern="%d{HH:mm:ss.SSS} [%t] %-5level %logger{36} - %msg%n"/>
    </Console>
    <RollingFile name="SudokuRollingFile" fileName=".\data\logs\SudokuApplicationLog.log" filePattern=".\data\logs\SudokuApplicationLog%d{yyyy-MM-dd}.log">
        <PatternLayout pattern="%d{yyyy-MM-dd HH:mm:ss.SSS} %-5level %logger{36} - %msg%n"/>
        <Policies>
            <TimeBasedTriggeringPolicy interval="1" modulate="true"/>
        </Policies>
    </RollingFile>   
  </Appenders>
  <Loggers>
    <Root level="info">
      <AppenderRef ref="Console"/>
      <AppenderRef ref="SudokuRollingFile" level="info"/>
    </Root>

  </Loggers>
</Configuration>